Account,Campaign,Keyword,Criterion Type
323-230-6543,DE | Search | Autoankauf | Nürnberg 60km | V3,job,Negative keyword
323-230-6543,DE | Search | Autoankauf | Nürnberg 60km | V3,jobs,Negative keyword
323-230-6543,DE | Search | Autoankauf | Nürnberg 60km | V3,karriere,Negative keyword
323-230-6543,DE | Search | Autoankauf | Nürnberg 60km | V3,ausbildung,Negative keyword
323-230-6543,DE | Search | Autoankauf | Nürnberg 60km | V3,praktikum,Negative keyword
323-230-6543,DE | Search | Autoankauf | Nürnberg 60km | V3,kaufen,Negative keyword
323-230-6543,DE | Search | Autoankauf | Nürnberg 60km | V3,auto kaufen,Negative keyword
323-230-6543,DE | Search | Autoankauf | Nürnberg 60km | V3,gebrauchtwagen kaufen,Negative keyword
323-230-6543,DE | Search | Autoankauf | Nürnberg 60km | V3,wagen kaufen,Negative keyword
323-230-6543,DE | Search | Autoankauf | Nürnberg 60km | V3,verkäufer job,Negative keyword
323-230-6543,DE | Search | Autoankauf | Nürnberg 60km | V3,mieten,Negative keyword
323-230-6543,DE | Search | Autoankauf | Nürnberg 60km | V3,leasing,Negative keyword
323-230-6543,DE | Search | Autoankauf | Nürnberg 60km | V3,finanzierung,Negative keyword
323-230-6543,DE | Search | Autoankauf | Nürnberg 60km | V3,ratenkauf,Negative keyword
323-230-6543,DE | Search | Autoankauf | Nürnberg 60km | V3,bewertung,Negative keyword
323-230-6543,DE | Search | Autoankauf | Nürnberg 60km | V3,rechner,Negative keyword
323-230-6543,DE | Search | Autoankauf | Nürnberg 60km | V3,tabelle,Negative keyword
323-230-6543,DE | Search | Autoankauf | Nürnberg 60km | V3,liste,Negative keyword
323-230-6543,DE | Search | Autoankauf | Nürnberg 60km | V3,preise liste,Negative keyword
323-230-6543,DE | Search | Autoankauf | Nürnberg 60km | V3,steuer,Negative keyword
323-230-6543,DE | Search | Autoankauf | Nürnberg 60km | V3,tipps,Negative keyword
323-230-6543,DE | Search | Autoankauf | Nürnberg 60km | V3,anleitung,Negative keyword
323-230-6543,DE | Search | Autoankauf | Nürnberg 60km | V3,wie,Negative keyword
323-230-6543,DE | Search | Autoankauf | Nürnberg 60km | V3,forum,Negative keyword
323-230-6543,DE | Search | Autoankauf | Nürnberg 60km | V3,erfahrung,Negative keyword
323-230-6543,DE | Search | Autoankauf | Nürnberg 60km | V3,erfahrungen,Negative keyword
323-230-6543,DE | Search | Autoankauf | Nürnberg 60km | V3,mobile,Negative keyword
323-230-6543,DE | Search | Autoankauf | Nürnberg 60km | V3,autoscout,Negative keyword
323-230-6543,DE | Search | Autoankauf | Nürnberg 60km | V3,ebay,Negative keyword
323-230-6543,DE | Search | Autoankauf | Nürnberg 60km | V3,kleinanzeigen,Negative keyword
323-230-6543,DE | Search | Autoankauf | Nürnberg 60km | V3,werkstatt,Negative keyword
323-230-6543,DE | Search | Autoankauf | Nürnberg 60km | V3,reparatur,Negative keyword
323-230-6543,DE | Search | Autoankauf | Nürnberg 60km | V3,ersatzteile,Negative keyword
323-230-6543,DE | Search | Autoankauf | Nürnberg 60km | V3,schrottplatz,Negative keyword
