Account,Campaign,Negative keyword,Criterion Type
323-230-6543,DE | Search | Autoankauf | Franken | V4,kostenlos,Broad
323-230-6543,DE | Search | Autoankauf | Franken | V4,gratis,Broad
323-230-6543,DE | Search | Autoankauf | Franken | V4,mieten,Broad
323-230-6543,DE | Search | Autoankauf | Franken | V4,leasing,Broad
323-230-6543,DE | Search | Autoankauf | Franken | V4,finanzierung,Broad
323-230-6543,DE | Search | Autoankauf | Franken | V4,kredit,Broad
323-230-6543,DE | Search | Autoankauf | Franken | V4,autovermietung,Broad
323-230-6543,DE | Search | Autoankauf | Franken | V4,carsharing,Broad
323-230-6543,DE | Search | Autoankauf | Franken | V4,neuwagen,Broad
323-230-6543,DE | Search | Autoankauf | Franken | V4,händler werden,Broad
323-230-6543,DE | Search | Autoankauf | Franken | V4,job,Broad
323-230-6543,DE | Search | Autoankauf | Franken | V4,stellenangebot,Broad
323-230-6543,DE | Search | Autoankauf | Franken | V4,ausbildung,Broad
323-230-6543,DE | Search | Autoankauf | Franken | V4,praktikum,Broad
323-230-6543,DE | Search | Autoankauf | Franken | V4,bewertung schreiben,Broad
323-230-6543,DE | Search | Autoankauf | Franken | V4,reklamation,Broad
323-230-6543,DE | Search | Autoankauf | Franken | V4,beschwerde,Broad
323-230-6543,DE | Search | Autoankauf | Franken | V4,mobile.de,Exact
323-230-6543,DE | Search | Autoankauf | Franken | V4,autoscout24,Exact
323-230-6543,DE | Search | Autoankauf | Franken | V4,ebay kleinanzeigen,Exact
323-230-6543,DE | Search | Autoankauf | Franken | V4,wirkaufendeinauto,Exact
323-230-6543,DE | Search | Autoankauf | Franken | V4,kaufen,Broad
323-230-6543,DE | Search | Autoankauf | Franken | V4,gebraucht kaufen,Broad
323-230-6543,DE | Search | Autoankauf | Franken | V4,suche auto,Broad
323-230-6543,DE | Search | Autoankauf | Franken | V4,auto suchen,Broad
323-230-6543,DE | Search | Autoankauf | Franken | V4,werkstatt,Broad
323-230-6543,DE | Search | Autoankauf | Franken | V4,reparatur,Broad
323-230-6543,DE | Search | Autoankauf | Franken | V4,ersatzteile,Broad
323-230-6543,DE | Search | Autoankauf | Franken | V4,tuning,Broad
323-230-6543,DE | Search | Autoankauf | Franken | V4,zubehör,Broad
323-230-6543,DE | Search | Autoankauf | Franken | V4,versicherung,Broad
323-230-6543,DE | Search | Autoankauf | Franken | V4,anmelden,Broad
323-230-6543,DE | Search | Autoankauf | Franken | V4,zulassung,Broad
323-230-6543,DE | Search | Autoankauf | Franken | V4,führerschein,Broad
323-230-6543,DE | Search | Autoankauf | Franken | V4,fahrschule,Broad
