Account,Campaign,Callout text
323-230-6543,DE | Search | Autoankauf | Franken | V4,Kostenlose Abholung
323-230-6543,DE | Search | Autoankauf | Franken | V4,Sofortige Auszahlung
323-230-6543,DE | Search | Autoankauf | Franken | V4,Faire Preise
323-230-6543,DE | Search | Autoankauf | Franken | V4,Angebot In 24h
323-230-6543,DE | Search | Autoankauf | Franken | V4,Auch Mit Schäden
323-230-6543,DE | Search | Autoankauf | Franken | V4,Ohne TÜV Ankauf
323-230-6543,DE | Search | Autoankauf | Franken | V4,Ganz Franken
323-230-6543,DE | Search | Autoankauf | Franken | V4,Bar Oder Überweisung
323-230-6543,DE | Search | Autoankauf | Franken | V4,Kein Inserat Nötig
323-230-6543,DE | Search | Autoankauf | Franken | V4,Direkt Verkaufen
323-230-6543,DE | Search | Autoankauf | Franken | V4,Alle Marken
323-230-6543,DE | Search | Autoankauf | Franken | V4,Express Service
